{"pid": 8916, "create_time": 1773103751.532052, "ts": 1773103752.475303, "note": "canonical (written by core)"}