{"pid": 5068, "create_time": 1773871584.3318677, "ts": 1773871585.3311634, "note": "canonical (written by core)"}